<?xml version="1.0" encoding="UTF-8"?>
<!--
XML de Exemplo para testar os Schemas definidos para a segunda entrega!
(os valores estão introduzidos aleatóriamente!)
-->

<Documento
        xmlns:xsi='http://www.w3.org/2001/XMLSchema-instance'
        xmlns:cli='ProjetoPEI/Grupo4/Entrega1/Cliente'
        xmlns:prd='ProjetoPEI/Grupo4/Entrega1/Produto'
        xmlns:loj='ProjetoPEI/Grupo4/Entrega1/Loja'

        xmlns:vnd='ProjetoPEI/Grupo4/Entrega2/Venda'
        xmlns:aud='ProjetoPEI/Grupo4/Entrega2/Auditoria'

        xmlns:inf='ProjetoPEI/Grupo4/Entrega2/InformacaoAdicional'
        xmlns='ProjetoPEI/Grupo4/Entrega2/ExercicioVendas'
        xsi:schemaLocation='ProjetoPEI/Grupo4/Entrega1/Cliente SchemasDefinicaoTipos/SchemaCliente.xsd
       ProjetoPEI/Grupo4/Entrega1/Produto SchemasDefinicaoTipos/SchemaProduto.xsd
       ProjetoPEI/Grupo4/Entrega1/Loja SchemasDefinicaoTipos/SchemaLoja.xsd
       ProjetoPEI/Grupo4/Entrega2/Venda SchemasDefinicaoTipos/SchemaVenda.xsd
       ProjetoPEI/Grupo4/Entrega2/Auditoria SchemasDefinicaoTipos/SchemaAuditoriaLoja.xsd
       ProjetoPEI/Grupo4/Entrega2/InformacaoAdicional InformacaoAdicional.xsd
       ProjetoPEI/Grupo4/Entrega2/ExercicioVendas ExercicioVendas.xsd'>

    <!-- Informação adicional obrigatória em todos os XML -->
    <InformacaoAdicional>
        <inf:ValorTotalVendas>
            <inf:Loja id="3">24.4</inf:Loja>
        </inf:ValorTotalVendas>
        <inf:TotalProdutosVendidosPorLoja>
            <inf:Loja id="2">3</inf:Loja>
        </inf:TotalProdutosVendidosPorLoja>
        <inf:PrecoMedioVendaProdutosPorLoja>
            <inf:Loja id="4">
                <inf:Produto id="2">23.3</inf:Produto>
                <inf:Produto id="5">2322.2</inf:Produto>
            </inf:Loja>
        </inf:PrecoMedioVendaProdutosPorLoja>
    </InformacaoAdicional>

    <!-- Informações opcionais -->
    <NumeroProdutos>
        <Total>23</Total>
        <TotalDiferentes>24</TotalDiferentes>
    </NumeroProdutos>
    <NumeroTotalClientesDiferentes>1</NumeroTotalClientesDiferentes>
    <TotalProdutosVendidos>
        <Produto id="3">2</Produto>
        <Produto id="7">1</Produto>
    </TotalProdutosVendidos>
    <ValorVendidoPorCliente>
        <Cliente id="3">5</Cliente>
    </ValorVendidoPorCliente>
    <ValorTotalVendidoPorMoeda>
        <Moeda codigo="USD">34</Moeda>
    </ValorTotalVendidoPorMoeda>

    <!-- Listagem das auditorias referentes ao Exercicio -->
    <ExercicioVendas>
        <Auditoria dataCriacao="2011-07-02T00:00:00.000">

            <aud:Loja IDLoja="2">
                <loj:Nome>TESTE</loj:Nome>
                <loj:Morada>TESTE</loj:Morada>
                <loj:Contactos>
                    <loj:Telefone>211231444</loj:Telefone>
                </loj:Contactos>
                <loj:NIF>234232224</loj:NIF>
            </aud:Loja>

            <aud:Venda dataInicio="2011-07-02T00:00:00.000" dataFim="2011-07-02T00:00:00.000">

                <aud:Moeda idTaxaCambio="2" dataTaxaCambio="2011-05-31T00:00:00.000">AUD</aud:Moeda>

                <aud:DadosVenda IDReceita="4">
                    <!-- Informações opcionais -->
                    <vnd:NumeroProdutos>
                        <vnd:Total>23</vnd:Total>
                        <vnd:TotalDiferentes>132</vnd:TotalDiferentes>
                    </vnd:NumeroProdutos>
                    <vnd:PrecoMedioVendaDosProdutos>23223</vnd:PrecoMedioVendaDosProdutos>
                    <!-- ===================== -->

                    <vnd:SubTotal>15124</vnd:SubTotal>
                    <vnd:TaxaImposto>1231.23</vnd:TaxaImposto>
                    <vnd:Cliente IDCliente="1">
                        <cli:Nome>
                            <cli:PrimeiroNome>TESTE</cli:PrimeiroNome>
                            <cli:UltimoNome>TESTE</cli:UltimoNome>
                        </cli:Nome>
                        <cli:Morada>TESTE</cli:Morada>
                        <cli:Contactos>
                            <cli:Email>teste@teste.com</cli:Email>
                            <cli:Telefone>423243423</cli:Telefone>
                        </cli:Contactos>
                        <cli:NIF>324234324</cli:NIF>
                    </vnd:Cliente>
                    <vnd:LinhasReceita>
                        <vnd:DadosLinha IDLinha="1">
                            <vnd:Produto IDProduto="4">
                                <prd:Codigo>AZ-1234</prd:Codigo>
                                <prd:PrecoEmLista>123123</prd:PrecoEmLista>
                            </vnd:Produto>
                            <vnd:PrecoPorUnidade>232</vnd:PrecoPorUnidade>
                            <vnd:Quantidade>1</vnd:Quantidade>
                            <vnd:TotalLinha>2323</vnd:TotalLinha>
                        </vnd:DadosLinha>
                    </vnd:LinhasReceita>
                </aud:DadosVenda>
            </aud:Venda>

        </Auditoria>
    </ExercicioVendas>
</Documento>
