<?xml version="1.0" encoding="UTF-8"?>
<!--
XML de Exemplo aos Schema produzidos com base no enunciado do trabalho!
Grupo 4:
José Baltar, 8170212
Rodrigo Coelho, 8170282
Rui Silva, 8170283
-->

<Documento
    xmlns:xsi='http://www.w3.org/2001/XMLSchema-instance'
    xmlns='ProjetoPEI/Grupo4/Entrega1/'
    xsi:schemaLocation='ProjetoPEI/Grupo4/Entrega1/ Schemas/SchemaDocumentoGeral.xsd'
    xmlns:loj='ProjetoPEI/Grupo4/Entrega1/Loja'
    xmlns:prd='ProjetoPEI/Grupo4/Entrega1/Produto'
    xmlns:rct='ProjetoPEI/Grupo4/Entrega1/Receitas'
    xmlns:cli='ProjetoPEI/Grupo4/Entrega1/Cliente'
    
    dataCriacao="2011-07-02T00:00:00.000">
    
    <Loja IDLoja="722">
        <loj:Nome>Pedals Warehouse</loj:Nome>
        <loj:Morada>Rua das Flores nº19</loj:Morada>
        <loj:Contactos>
            <loj:Email>pernasParaQueTeQuero@gmail.com</loj:Email>
            <loj:Telefone>255444666</loj:Telefone>
            <loj:Telefone>254675487</loj:Telefone>
        </loj:Contactos>
        <loj:NIF>267796451</loj:NIF>
    </Loja>
    
    <Vendas dataInicio="2011-05-31T00:00:00.000" dataFim="2011-07-01T00:00:00.000">
        <Moeda>USD</Moeda>
        
        <Receitas IDReceita="43660">
            <rct:SubTotal>1294.2529</rct:SubTotal>
            <rct:TaxaImposto>124.2483</rct:TaxaImposto>
            
            <rct:Cliente IDCliente="29672">
                <cli:Nome>
                    <cli:PrimeiroNome>Alberto</cli:PrimeiroNome>
                    <cli:UltimoNome>Caeiro</cli:UltimoNome>
                </cli:Nome>
                <cli:Morada>Rua das pedrinhas do Sal nº91</cli:Morada>
                <cli:Telefone>257856735</cli:Telefone>
                <cli:Email>albertoCaeiro@gmail.com</cli:Email>
                <cli:NIF>765495643</cli:NIF>
            </rct:Cliente>
            
            <rct:LinhasReceita>
                <rct:LinhaReceita IDLinha="14">
                    <rct:Produto IDProduto="762">
                        <prd:Codigo>BK-R50R-44</prd:Codigo>
                        <prd:Nome>Road-650 Red, 44</prd:Nome>
                        <prd:CodigoCor>#FF0000</prd:CodigoCor>
                        <prd:PrecoEmLista>782.99</prd:PrecoEmLista>
                        <prd:dataInicioVenda>2011-05-31T00:00:00.000</prd:dataInicioVenda>
                        <prd:dataFinalVenda>2013-05-29T00:00:00.000</prd:dataFinalVenda>
                    </rct:Produto>
                    <rct:PrecoPorUnidade>419.4589</rct:PrecoPorUnidade>
                    <rct:Quantidade>1</rct:Quantidade>
                    <rct:TotalLinha>419.458900</rct:TotalLinha>
                </rct:LinhaReceita>
                
                <rct:LinhaReceita IDLinha="15">
                    <rct:Produto IDProduto="758">
                        <prd:Codigo>BK-R68R-52</prd:Codigo>
                        <prd:dataInicioVenda>2011-05-31T00:00:00.000</prd:dataInicioVenda>
                        <prd:dataFinalVenda>2012-05-29T00:00:00.000</prd:dataFinalVenda>
                    </rct:Produto>
                    <rct:PrecoPorUnidade>874.794000</rct:PrecoPorUnidade>
                    <rct:Quantidade>1</rct:Quantidade>
                    <rct:TotalLinha>874.794000</rct:TotalLinha>
                </rct:LinhaReceita>
            </rct:LinhasReceita>
        </Receitas>
    </Vendas>
</Documento>

 
            